{
    "root_group": {
        "name": "",
        "path": "",
        "id": "d41d8cd98f00b204e9800998ecf8427e",
        "groups": {},
        "checks": {
                "status is 201/200": {
                    "name": "status is 201/200",
                    "path": "::status is 201/200",
                    "id": "28908c0a124f3b830ccfab9506155c24",
                    "passes": 46995,
                    "fails": 0
                }
            }
    },
    "metrics": {
        "http_req_tls_handshaking": {
            "p(95)": 0,
            "avg": 0,
            "min": 0,
            "med": 0,
            "max": 0,
            "p(90)": 0
        },
        "http_req_waiting": {
            "max": 112.403516,
            "p(90)": 1.1023089000000001,
            "p(95)": 1.4364939000000005,
            "avg": 1.2816011782203522,
            "min": 0,
            "med": 0.803598
        },
        "http_req_sending": {
            "avg": 0.03295099702114967,
            "min": 0.004793,
            "med": 0.0312825,
            "max": 5.487204,
            "p(90)": 0.0477203,
            "p(95)": 0.056723600000000006
        },
        "http_reqs": {
            "rate": 782.9362440498716,
            "count": 46998
        },
        "vus": {
            "max": 2,
            "value": 2,
            "min": 0
        },
        "vus_max": {
            "value": 700,
            "min": 700,
            "max": 700
        },
        "http_req_failed": {
            "passes": 0,
            "fails": 46998,
            "thresholds": {
                "rate<0.01": false
            },
            "value": 0
        },
        "iteration_duration": {
            "min": 0.65453,
            "med": 1.067706,
            "max": 112.555666,
            "p(90)": 1.4379203999999999,
            "p(95)": 1.8217828999999994,
            "avg": 1.6157219797638156
        },
        "iterations": {
            "count": 46995,
            "rate": 782.8862672693245
        },
        "http_req_blocked": {
            "min": 0.001476,
            "med": 0.005346,
            "max": 99.713067,
            "p(90)": 0.007603300000000003,
            "p(95)": 0.010183600000000004,
            "avg": 0.06914436607940781
        },
        "checks": {
            "passes": 46995,
            "fails": 0,
            "value": 1
        },
        "http_req_duration{expected_response:true}": {
            "avg": 1.385479379420393,
            "min": 0.145753,
            "med": 0.9054495,
            "max": 112.461856,
            "p(90)": 1.2229322000000002,
            "p(95)": 1.5756079000000007
        },
        "http_req_connecting": {
            "min": 0,
            "med": 0,
            "max": 99.668205,
            "p(90)": 0,
            "p(95)": 0,
            "avg": 0.06216812738839953
        },
        "http_req_receiving": {
            "max": 3.869199,
            "p(90)": 0.09497540000000003,
            "p(95)": 0.11389865000000002,
            "avg": 0.07092720417890122,
            "min": 0.009743,
            "med": 0.0662635
        },
        "data_sent": {
            "count": 7378646,
            "rate": 122920.32395875588
        },
        "data_received": {
            "count": 9728713,
            "rate": 162069.91820203324
        },
        "http_req_duration": {
            "min": 0.145753,
            "med": 0.9054495,
            "max": 112.461856,
            "p(90)": 1.2229322000000002,
            "p(95)": 1.5756079000000007,
            "avg": 1.385479379420393,
            "thresholds": {
                "p(95)<300": false
            }
        }
    },
    "setup_data": {
        "productId": 15
    }
}